"","Acetatifactor.muris","Acutalibacter.sp..1XD8.33","Adlercreutzia.muris","Akkermansia.muciniphila","Akkermansia.muciniphila.ATCC.BAA.835","Alistipes.finegoldii.DSM.17242","Alistipes.sp..HGB5","Anaerotruncus.sp..1XD22.93","Anaerotruncus.sp..G3.2012.","Anaerovibrio.lipolyticus.LB2005","Adlercreutzia.equolifaciens.subsp..celatus","Bacteroides_u_t","Bacteroides.acidifaciens.JCM.10556","Bacteroides.caecimuri","Bacteroides.caecimuris","Bacteroides.fragilis","Bacteroides.fragilis.str..3397.T10","Bacteroides.massiliensis.B84634...Timone.84634...DSM.17679...JCM.13223","Bacteroides.ovatus.ATCC.8483","Bacteroides.ovatus.SD.CMC.3f","Bacteroides.sartorii.JCM.17136...DSM.21941","Bacteroides.sp..AF33.23","Bacteroides.uniformis.dnLKV2","Bacteroides.xylanisolvens.XB1A","Barnesiella.sp..WM24","Bifidobacterium.pseudolongum.AGR2145","Bittarella.massiliensis","Blautia.sp..YL58","Burkholderiales_u_t","Burkholderiales.bacterium.1_1_47","Butyricimonas.virosa.DSM.23226","Butyrivibrio.sp..LB2008","Candidatus.Arthromitus_u_t","Candidatus.Arthromitus.sp..SFB.mouse.Japan","Clostridiales.bacterium","Clostridium.sp..MD294","Schaedlerella.arabinosiphila","Clostridium.porci","Dorea.sp..5.2","Duncaniella.muris","Duncaniella.sp..B8","Duncaniella.freteri","Enterococcus_u_t","Enterococcus.faecalis","Enterococcus.faecium","Enterorhabdus.caecimuris.B7","Enterorhabdus.mucosicola.DSM.19490","Enterorhabdus.sp..NM05_H27","Eubacterium.plexicaudatum.ASF492","Eubacterium.sp..14.2","Faecalibaculum.rodentium","Fibrobacter.sp..UWB16","Fibrobacter.sp..UWR2","Firmicutes.bacterium.ASF500","Succinivibrionaceae_u_t","Jeotgalicoccus.nanhaiensis","Lachnoclostridium.sp..YL32","Lachnospiraceae.bacterium.10.1","Lachnospiraceae.bacterium.28.4","Lachnospiraceae.bacterium.3.1","Lachnospiraceae.bacterium.MD308","Lachnospiraceae.bacterium.A2","Lachnospiraceae.bacterium.A4","Lachnospiraceae.bacterium.C6A11","Lachnospiraceae.bacterium.MD335","Lachnospiraceae.bacterium.M18.1","Lachnospiraceae.bacterium.NK4A179","Lactobacillaceae.bacterium","Ligilactobacillus.animalis","Lactobacillus.johnsonii.N6.2","Lactobacillus.murinus.ASF361","Lactobacillus.reuteri.TD1","Limosilactobacillus.reuteri.subsp..murium","Lactobacillus.sp..0.1XD8.4","Lactobacillus.sp..ASF360","Methanobrevibacter.smithii","Mucispirillum.schaedleri.ASF457","Heminiphilus.faecis","Muribaculaceae.bacterium.Isolate.001..NCI.","Muribaculaceae.bacterium.Isolate.004..NCI.","Muribaculaceae.bacterium.Isolate.013..NCI.","Muribaculaceae.bacterium.Isolate.036..Harlan.","Muribaculaceae.bacterium.Isolate.037..Harlan.","Muribaculaceae.bacterium.Isolate.039..Harlan.","Muribaculaceae.bacterium.Isolate.043..Harlan.","Muribaculaceae.bacterium.Isolate.077..Janvier.","Muribaculaceae.bacterium.Isolate.080..Janvier.","Muribaculaceae.bacterium.Isolate.083..Janvier.","Muribaculaceae.bacterium.Isolate.102..HZI.","Muribaculaceae.bacterium.Isolate.104..HZI.","Muribaculaceae.bacterium.Isolate.105..HZI.","Muribaculaceae.bacterium.Isolate.110..HZI.","Muribaculum.sp..NM65_B17","Oscillibacter.sp..1.3","Parabacteroides.distasonis","Parabacteroides.goldsteinii.CL02T12C30","Paramuribaculum.intestinale","Parasutterella.excrementihominis.YIT.11859","Clostridioides.difficile","Prevotella_u_t","Prevotella.aff..ruminicola.Tc2.24_u_t","Prevotella.brevis.ATCC.19188","Prevotella.bryantii.B14","Prevotella.ruminicola.23","Prevotella.sp..MGM1","Prevotellaceae.bacterium.HUN156","Prevotellaceae.bacterium.MN60","Pseudobutyrivibrio.ruminis.AD2017","Roseburia.sp..1XD42.69","Ruminobacter.amylophilus","Ruminobacter.sp..RM87","Ruminococcaceae.bacterium.KH2T8","Ruminococcaceae.bacterium.P7","Ruminococcus.albus","Ruminococcus.flavefaciens","Ruminococcus.flavefaciens.MA2007","Ruminococcus.sp..NK3A76","Sarcina.sp..DSM.11001","Selenomonas_u_t","Selenomonas.ruminantium.AB3002","Selenomonas.ruminantium.AC2024","Selenomonas.sp..FC4001","Mammaliicoccus.lentus.F1142","Staphylococcus.nepalensis","Staphylococcus.xylosus","Staphylococcus.xylosus.DMB3.Bh1","Succiniclasticum.ruminis.DSM.9236","Succinivibrio.dextrinosolvens.H5","Treponema_u_t"
"1156_M-BL_CP04543-B",0.00264,0.0024,0.00655,0,0,0.00478,0.00521,0.01756,0,0,0.00103,0.00245,0.00072,0.00065,6e-04,0,0.00064,0,0.00036,0,0.00059,0.02051,0.02829,0,0.00036,0,0,4e-04,0,0.00555,0.00758,0,0,0.00054,0,0.00047,0.02517,0,0.00513,0.00188,0.01266,0.05622,0.00163,0.00039,0,0.004,0.00268,0.00688,0.00189,0.00169,0.01944,0,0,0.00636,0,0,3e-04,0.00982,0.00724,0.00425,0.00277,0.00449,0.0478,0,0.00806,0.009,0,0,0.00031,0.08589,0.09528,0,0.06323,0,0,0,0.00343,0.00047,0.00171,0.00121,0.00173,0.00128,0,0.00187,0.00157,0.00114,0.00053,0.00095,0.09369,0.00305,0.01054,0.00065,0.06856,0.00697,0.00566,0.00038,0.00052,0.00526,0.00223,0,0,0,0,0,0.17314,0,0,0,0.0095,0,0,0,0,0,0,0,0,0,0,0,0,0,0,0,0.00964,0,0,0,0
"1160_M-BL_CP04543-B",0.00394,0.00281,0.00188,0,0,0.00175,0.00195,0.024,0,0,0.001,0.00282,0.00067,0,0.00105,0,0.00096,0,0,0,0,0.01477,0.02182,0,0,0,0,0.00098,0,0.00631,0.00857,0,0,0.00189,0,0.00071,0.04526,0,0.0081,0,0.01527,0.01351,0,0,0,0.00212,0,0.0019,0.00255,0.00219,0.02282,0,0,0.00856,0,0.00057,0,0.01059,0.01689,0.00656,0.00538,0.00639,0.06501,0,0.00496,0.01708,0,0,0.00078,0.11381,0.05413,0,0.08305,0,0,0,0.00081,0,0,9e-04,0.00081,0.00085,0,0,0.001,0,0,0,0.1048,0.00284,0.00546,0.00067,0.07485,0.00712,0.00513,0,0,0.00601,0.00367,0,0,0,0,0,0.13829,0,0,0,0.0213,0,0,0,0,0,0,0,0,0,0,0,0,0,0,0,0.02016,0,0,0,0
"1164_M-BL_CP04543-B",0.00128,0.00077,0.00173,0,0.00207,0.0016,0.00173,0.03592,0,0,0.00096,0.00818,0.00147,0.00091,0.00116,0,0.00224,0,0,0.00112,0,0.0095,0.01512,0.00758,0.00052,0,0,0.00063,0,0.01223,0.0149,0,0,0.00282,0,0,0.00719,0,0.00468,0.00231,0.02562,0.02266,0,0,0,0.00276,0,0.00179,0.00082,0,0.01954,0,0,0.0022,0,0,0,0.02805,0.00686,0.00229,0.00328,0.00232,0.03091,0,0.00274,0.00239,0,0,0.00359,0.0558,0.14811,0,0.01158,0,0,0,0,0.00065,0.00333,0.00147,0.00148,0.00191,0,0,0.0018,0,0.00057,0.00135,0.12575,0.00516,0.00968,0.00105,0.0917,0.00215,0.00621,0,0,0.01151,0.00228,0,0,0,0,0,0.18516,0,0,0,0.00222,0,0,0,0,0,0,0,0,0,0,0,0,0,0.00147,0.02893,0,0.00225,0,0,0
"1168_M-BL_CP04543-B",0.0034,0.00165,0.00308,0,0.01867,0.00122,0.00134,0.02882,0,0,0.00086,0.00538,0.00117,0.00073,0.00082,0,0.00145,0,0.00096,0,0,0.00742,0.01169,0.0049,0,0,0,0,0,0.00511,0.00494,0,0,0.00275,0,0.00046,0.01389,0,0.00563,0,0.01914,0.01467,0,0,0,0.00318,0,0.00336,0.00392,0.00194,0.00146,0,0,0.00498,0,0,0,0.04075,0.00764,0.00483,0.0137,0.00691,0.05886,0,0.02362,0.00304,0,0,0.00048,0.15267,0.03827,0,0.07468,5e-04,0,0,0.00089,0.00051,0.00192,0.00088,9e-04,0.00101,0,0,0.00108,0.00187,0.00048,0.00108,0.08813,0.00303,0.00553,7e-04,0.06557,0.00526,0.005,0,0,0.00485,0.00139,0,0,0,0,0,0.1656,0,0,0,0.00291,0,0,0,0,0,0,0,0,0,0,0,0,0,0.00172,0.03216,0,0.00264,0,0,0
"1170_M-BL_CP04543-B",0.00331,0.00242,0.0032,0,0.01145,0.00326,0.00367,0.03623,0,0,0.00115,0.0012,0.00108,0.00078,0.00095,0,0.00149,0,0,0.00083,0,0.02141,0.03014,0.00483,0,0,0,0.00079,0,0.00625,0.01035,0,0,0.00149,0,0,0.01777,0,0.00725,0,0.0195,0.01699,0,0,0,0.00277,0,0.00345,0.00262,0.00169,0.00818,0,0,0.00853,0,0,0,0.04357,0.00517,0.00487,0.01028,0.00615,0.04505,0,0.01506,0.0048,0,0,0,0.10878,0.03564,0,0.05615,0,0,0,0.00097,0,0.00265,0.00102,0.00107,0.00121,0,0,0.00119,0.00148,0,0.0013,0.09982,0.00348,0.0072,0.00071,0.07333,0.00719,0.00637,0,0.00087,0.00587,0.0044,0,0,0,0,0,0.18102,0,0,0,0.00372,0,0,0,0,0,0,0,0,0,0,0,0,0,0.00095,0.0205,0.00314,0,0,0,0
"1174_M-BL_CP04543-B",0.00133,0.00081,0.00158,0,0.01073,0.00227,0.0026,0.00226,0,0,0.00049,0.00162,0.00092,6e-04,0.00064,0,0.00041,0.00235,0,0,0,0.01905,0.02672,0,0,0.01347,0,0,0,0.00565,0.00656,0,0.00039,0,0,0,0.00423,0,0.0012,0.00089,0.0159,0.009,0,0,0,0.00187,0,0.00162,9e-04,0.00106,0.00141,0,0,0.00198,0,0,0,0.02278,0.0017,0.00838,0.00325,0.00612,0.00331,0,0.00132,8e-04,0,0.01103,0.00809,0.06974,0.36807,0,0.03781,0,0.01308,0,0.00084,0,0.00099,0.00065,7e-04,0.00125,0,0,0.00096,0,0.00051,0.00087,0.07707,0.00211,0.00503,0.00057,0.05824,0.00237,0.00157,0,0,0.0054,0.00049,0,0,0,0,0,0.14168,0,0,0,0.00148,0,0,0,0,0,0,0,0,0,0,0,0,0,0,0,0.00126,0,0,0,0
"1178_M-BL_CP04543-B",0.00178,0.00078,0.00435,0.05006,0,0.00231,0.00272,0.01789,0,0,0.00134,0.00261,0,0,0.00094,0.00067,0,0.00261,0,0,0,0.01025,0.01558,0,0,0,0,0,0,0.00735,0.00569,0,0,0.00081,0,0,0.00979,0,0.00637,0.00174,0.02338,0.01623,0,0,0,0.00339,0,0.00452,0.00127,0.00116,0.00155,0,0,0.00226,0,0,0,0.03663,0.0015,0.0083,0.01504,0.03543,0.01201,0,0.00234,0.00178,0,0.02821,8e-04,0.08507,0.15698,0,0.0648,0,0.03416,0,0,0,0.00161,0.00126,0.00149,0.0018,0,0,0.0012,0,0.00103,0.00154,0.09811,0.00414,0.00719,0.00082,0.07564,0.00258,0.00336,0,0.00112,0.00684,0.00235,0,0,0,0,0,0.09968,0,0,0,0.00215,0,0,0,0,0,0,0,0,0,0,0,0,0,0,0,0.00364,0,0,0,0
"1180_M-BL_CP04543-B",0.00806,0.00411,0.00558,0,0.00497,0.00508,0.00551,0.03677,0,0,0.00176,0.00236,0,0,0,8e-04,0,0,0,0,0,0.00984,0.01539,0,0,0,0,0,0,0,0.00213,0,0.00147,0,0,0.00159,0.03671,0.00084,0.01386,0.0017,0.02188,0.0182,0.00173,0,0,0.00505,0,0.0061,0.0036,0.00382,0,0,0,0.01286,0,0,0,0.01304,0.05766,0.01869,0.03566,0.01589,0.029,0,0.04068,0.0107,0,0.0044,0.00095,0.02481,0.07037,0.01501,0,0,0.00536,0,0.00242,0,0.00145,0.00107,0.00146,0.0013,0,0,0.00129,0.00231,0.00099,0,0.10138,0.00357,0.00728,9e-04,0.07734,0.01188,0.00516,0,0,0,0.00581,0,0,0,0,0,0.18503,0,0,0,0.00658,0,0,0,0,0,0,0,0,0,0,0,0,0,0,0.00442,0.00438,0,0,0,0
"1182_M-BL_CP04543-B",0.00207,0.00114,0.00212,0.00331,0,0.00618,0.00691,0,0.00258,0,0.00046,0.00386,0.00077,0.00075,0.00082,0,0.00089,0.00241,0,0.00053,0.00052,0.02377,0.03349,0.00307,0,0,0,0,0,0.0034,0.01034,0,0,0.00173,0,0.00029,0.01219,0,0.00306,0.00112,0.0179,0.01156,0,0.00033,0,0.00155,0,0.00229,0.00132,0.00077,0,0,0,0.00375,0,0,0,0.00614,0.0188,0.00258,0.00544,0.00815,0.04808,0,0.00344,0.00191,0,0.03316,0.00314,0.07834,0.13786,0,0.08266,0,0.04354,0,0.00086,0.00029,0.001,0.00075,0.00096,0.00118,0,0,0.00095,0.00087,7e-04,0,0.06143,0.00229,0.00621,0.00067,0.04587,0.00415,0.00485,0.00041,0.00052,0.00328,0.00079,0,0,0,0,0,0.20236,0,0,0,0.00191,0,0,0,0,0,0,0,0,0,0,0,0,0,0,0.00872,0.0085,0,0,0,0
"1184_M-BL_CP04543-B",0.00258,0.0017,0.00566,0.06813,0,0.0076,0.00857,0.00759,0,0,0.00116,0.00516,0.00133,0.00082,9e-04,0,0.00063,0.00289,0,0,0,0.02205,0.03193,0,0,0,0,0,0,0.00546,0.00904,0,0.00155,0,0,0,0.00722,0,0.00392,0,0.02494,0.01644,0,0,0,0.00695,0,0.00581,0.0015,0.00168,0.01334,0,0,0.00509,0,0,0,0.05017,0.01112,0.00621,0.00219,0.00431,0.01192,0,0.01056,0.00164,0,0.01358,0.00067,0.04652,0.05511,0,0.05958,0,0.01614,0,8e-04,0,0.00178,0.00131,0.00122,0.00191,0,0,0.00142,0,0.001,0.00138,0.10821,0.00325,0.00971,0.00106,0.08085,0.00504,0.00413,0,0.00103,0.00527,0.00057,0,0,0,0,0,0.19907,0,0,0,0.00271,0,0,0,0,0,0,0,0,0,0,0,0,0,0,0.00693,0,0,0,0,0
"1136_F-BL_CP04543-B",0.0077,0.00578,0.00653,0,0,0.00348,0.00377,0.01154,0,0,0.00051,0,0,0,0.00073,0,0,0,0,0,0,0,0.01291,0,0,0,0,0,0,0,0,0,6e-04,0,0,0.00107,0.04346,0,0.01314,0.0011,0.00122,0.08338,0.00385,0.00063,0,0.00336,0.00244,0.00681,0.00473,0.00569,0.00133,0,0,0.0092,0,0,0.00087,0.01112,0.05131,0.00847,0.0021,0.00897,0.11083,0,0.058,0.00934,0,0,7e-04,0.05724,0.12691,0,0.04816,0,0,0,0.03235,0,0,0.00071,0.00074,0.00069,0,0,0.00086,0.00133,0,0.00065,0.03192,0.00156,0.00713,0,0.02606,0.01003,0.00455,0,0,0,0.00359,0,0,0,0,0,0.11951,0,0,0,0.02935,0,0,0,0,0,0,0,0,0,0,0,0,0,0,0,0,0,0,0,0
"1138_F-BL_CP04543-B",0.00727,0.00944,0.00238,0,0,0.00406,0.00454,0,0.02145,0,0,7e-04,0,0,6e-04,0,0,0,0,0,0,0,0.00516,0,0,0,0,0,0,0,0,0,0.00142,0,0,0.0021,0.03285,0.00062,0.00902,0.00071,0.00076,0.04982,0.00741,0.00055,0.00064,0.00229,0.0015,0.00246,0.00594,0.00479,0,0,0,0.01036,0,0,0.00079,0.06988,0.00637,0.00973,0.00225,0.00915,0.11902,0,0.06665,0.00842,0,0,0.00058,0.06968,0.09604,0,0.06662,0,0,0,0.05532,0,0,0,0,0,0,0.00078,0.00067,0,0,0,0.03729,0.00099,0.00562,0,0.03067,0.01048,0.00369,0,0,0,0.00427,0,0,0,0,0,0.09326,0,0,0,0.04292,0,0,0,0,0,0,0,0,0,0,0,0,0,0,0,0,0,0,0,0
"1140_F-BL_CP04543-B",0.00156,0.00208,0.01271,0,0,0.00649,0.00717,0.00645,0,0,0.00097,0,0.00108,0.00065,0.00055,0.00087,0,0,0.00037,0,0,0,0.02882,0,0.00031,0,0.0016,0,0.00217,0,0,0,0,0,0,0,0.01636,0,0.00421,0.00187,0.00225,0.09994,0,0,0,0.00636,0.00474,0.01321,0.00144,0.00161,0.00612,0,0,0.00226,0,0,0,0.01437,0.00151,0.00238,0.00064,0.00366,0.01484,0,0.01669,0.0042,0,0,0.00034,0.12958,0.2027,0,0.08049,0,0,0,0.00039,0.00039,0,0.00143,0.00202,0.00155,0.00032,0.00055,0.00252,0,0.00056,0.00071,0.04335,0.00283,0.01719,0.00041,0.0372,0.00228,0.0061,0.00035,0,0,0.00136,0,0,0,0,0,0.16767,0,0,0,0.00522,0,0,0,0,0,0,0,0,0,0,0,0,0,0,0,0,0,0,0,0
"1142_F-BL_CP04543-B",0.00188,0.00109,0.00494,0,0,0.0035,0.00389,0.01971,0,0,0,0,0.00066,0.00054,0.00099,0,0,0,0,0,0,0,0.01697,0,0,0,0,0,0,0,0,0,0,0.00134,0,0,0.02075,0,0.00359,0.00145,0.00184,0.12851,0,0,0,0.00281,0.00241,0.00536,0.00144,0.00157,0.00149,0,0,0.0014,0,0,0,0.0057,0.00588,0.00256,0.00072,0.00313,0.02343,0,0.02057,0.00447,0,0,0.0013,0.1406,0.21226,0,0.09341,0,0,0,0.00102,0,0.00079,0.00103,0.00178,0.00056,0,0.0014,0.0011,0,0,0,0.04956,0.00209,0.00914,0,0.04069,0.00171,0.0055,0,0,0,0,0,0,0,0,0,0.13317,0,0,0,0.00763,0,0,0,0,0,0,0,0,0.00068,0,0,0,0,0,0,0,0,0,0,0
"1144_F-BL_CP04543-B",0.00245,0.00114,0.00442,0,0,0.00217,0.00241,0.00693,0,0.00055,0,0,0.00065,0.00074,0.00123,0,0,0,0,0,0,0,0.02035,0,0,0,0,0,0.00062,0,0,0.00096,0,0.00048,0.00085,0,0.00959,0,0.00361,0.00149,0.0016,0.11172,0,0,0,0.00205,0.00167,0.00478,0.0014,0.00212,0.0018,0.00245,0,0.00214,0,0,0,0.00397,0.01336,0.0027,0.00058,0.00305,0.0374,0.00056,0.02558,0.00217,0.00089,0,4e-04,0.10718,0.20421,0,0.07682,0,0,0.00053,0,0,0,0.00096,0.00172,0.00091,0,0,0.00112,0,0.00047,0.00082,0.03862,0.00214,0.01016,0,0.03229,0.00239,0.007,0,0,0,0.00069,0,0.00123,0.00085,0.00067,0.00407,0.18683,0.00129,0.00105,7e-04,0.01451,0.00144,0.00136,0.00059,0.0019,0.00084,0,0.00115,0.00052,0.0049,0,0,0.00081,0.00071,0,0,0.00041,0,0.00107,0.00204,0
"1146_F-BL_CP04543-B",0.00651,0.00743,0.00975,0,0,0.0056,0.00614,0.0243,0,0,0.00067,0,0,0,0,0,0,0,0,0,0,0,0.0185,0,0,0,0,0,0,0,0,0,0.00094,0,0.00063,0.00083,0.05723,6e-04,0.01058,0.00105,0.00123,0.09432,0.00153,0.00059,0,0.00404,0.00332,0.01009,0.00386,0.00349,0.00183,0,0.00059,0.01093,0.00414,0,0.00078,0.07838,0.0402,0.00871,0.00306,0.01186,0.06341,0,0.08313,0.00864,0,0,0.00089,0.04108,0.10736,0,0.06217,0,0,0,0.00431,0,0.00056,0.00068,0.00057,0.00054,0,0.00111,8e-04,0.00113,0,0,0.03824,0.0013,0.00641,0,0.03064,0.01077,0.00329,0,0,0,0.00476,0.00213,0,0,0,0,0.08065,0,0,0,0.0061,0,0,0,6e-04,0,0,0,0,0.00322,0.00093,0,0,0,0,0,0,0,0,0,0.00085
"1148_F-BL_CP04543-B",0.00858,0.00774,0.00378,0,0,0.00491,0.00525,0.03325,0,0,0,0,0,0,0,0,0,0,0,0,0,0,0.00869,0,0,0,0,0.00105,0,0,0,0,9e-04,0,0.00093,0,0.07571,0,0.012,0.00092,0.00103,0.09657,0.00374,0,0,0.00277,0.00214,0.00388,0.0078,0.00616,0,0,0,0.01392,0.00377,0,0.00088,0.02899,0.02635,0.0121,0.00384,0.01243,0.09281,0,0.11795,0.0138,0,0,0,0.05736,0.0607,0,0.04266,0,0,0,0.00725,0,0,0.00089,0,0,0,0,0,0.00122,0,0,0.03625,0.00111,0.00531,0,0.02987,0.01311,0.00148,0,0,0,0.00792,0.00548,0,0,0,0,0.07664,0,0,0,0.02563,0,0,0,0.00204,0,0,0,0,0.0063,0.00259,0,0,0,0,0,0,0,0.00152,0,0
"1150_F-BL_CP04543-B",0.00592,0.0037,0.01,0,0,0.00206,0.00221,0.00654,0,0,0.00068,0,0,0,0,0,0,0,0,0,0,0,0.00542,0,0,0,0,0,0,0,0,0.00065,0,0.00103,0.00086,0.00086,0.05433,0,0.01146,0.00098,0,0.07267,0.00445,0,0,0.00484,0.00352,0.01026,0.00371,0.00707,0.00115,0,0,0.00655,0.00091,0,0.00047,0.01631,0.05839,0.00823,0.00255,0.01049,0.09543,0,0.04381,0.00778,0.00062,0,0.00064,0.13237,0.08828,0,0.11797,0,0,0,0.00529,0,0,0.00065,6e-04,0,0,0.00111,5e-04,0.00089,0,0.00073,0.05312,0.0013,0.00669,0,0.04197,0.00388,0.00212,0,0,0,0.00406,0.00106,0,0,0,0.00152,0.056,0,0,0,0.00499,0,0,0,0,0,0.00093,0,0,0.00262,0.00382,0.00047,0,0,0,0,0,0,0.00053,0,0
"1152_F-BL_CP04543-B",0.00455,0.00299,0.00826,0,0,0.00479,0.0053,0.03071,0,0,0.00071,0.0014,0.00055,0,0.00088,0,0,0,0,0,0,0,0.02001,0,0,0,0,0,0.00204,0,0,0,0,0.00109,0,0.00056,0.0272,0,0.00806,0.002,0.00192,0.12882,0.00409,0,0,0.0045,0.00287,0.00846,0.0029,0.0032,0.00526,0,0,0.00557,0,0,0,0.02098,0.03202,0.00564,0.00203,0.00588,0.07693,0,0.03447,0.00565,0,0,0.00104,0.0451,0.13952,0,0.02589,0,0,0,0.00906,0,0,0.00122,0.00222,0.00143,0,0.00082,0.00178,0.00169,0.00055,8e-04,0.07143,0.00267,0.01396,0,0.05834,0.0063,0.00475,0,0,0,0.00258,0,0,0,0,0,0.12335,0,0,0,0.01318,0,0,0,0,0,0,0,0,0,0,0,0,0,0,0,0,0,0,0,0
"1154_F-BL_CP04543-B",0.00311,0.00345,0.00876,0,0,0.00424,0.00467,0.02635,0,0,0.00077,0,0.00044,0,0.00073,0,0,0,0,0,0,0,0.01417,0,0,0,0,0,0.00066,0,0,0,0,0,0,0.00061,0.01616,0,0.00531,0.00184,0.00186,0.1021,0.00296,0,0,0.00461,0.00343,0.00903,0.0025,0.00247,0.00331,0,0,0.00423,0,0,0,0.03004,0.00469,0.00464,0.00126,0.00424,0.05446,0,0.03061,0.00413,0,0,0.00117,0.12888,0.15014,0,0.08906,0,0,0,0.00871,0,0,0.00111,0.00199,0.00108,0,0.00066,0.00163,0.00145,0.00048,0.00052,0.06238,0.00237,0.0124,0.00044,0.05014,0.0043,0.00366,0,0,0,0.00126,0,0,0,0,0,0.10047,0,0,0,0.01386,0,0,0,0,0,0,0,0,0,0,0,0,0,0,0,0,0,0,0,0
"1156_MSV-W4_CP04543",0.00809,0.0033,0.0088,0.01361,0,0.0137,0.01483,0.00828,0,NA,0,0.00224,0,0,0,0,0,0,NA,NA,NA,0.05247,0.07361,NA,NA,0,NA,0,0,0,0.00821,NA,0,NA,NA,NA,0.03424,NA,0.01369,NA,0.00929,0.11599,0,0,NA,0.03087,0,0.00893,0.00436,0.00357,0.10858,NA,NA,0.00606,NA,NA,0,0.02322,0.02365,0.00975,0.00489,0.01322,0.01232,NA,0.00643,0.01117,NA,0,0,0,0.03249,0,0,NA,0,NA,0.00838,NA,0,0.00523,0,0.00189,NA,NA,0.00164,0,NA,0,0.09611,0.00166,0.01818,0,0.07508,0.00358,0,NA,0,0,0.0056,NA,NA,NA,NA,NA,0.05279,NA,NA,NA,0.04537,NA,NA,NA,NA,NA,NA,NA,NA,NA,NA,NA,NA,NA,0,NA,0.00463,0,NA,NA,NA
"1157_MSV-W4_CP04543",0.00574,0.00339,0.00987,0,0,0.00286,0.00321,0.00602,0,NA,0,0.00353,0,0,0,0,0,0.00209,NA,NA,NA,0.01502,0.02259,NA,NA,0,NA,0.00144,0,0,0,NA,0.00128,NA,NA,NA,0.00795,NA,0.00831,NA,0.00768,0.00914,0,0,NA,0.00542,0,0.01007,0.00352,0.0048,0.0131,NA,NA,0.01506,NA,NA,0,0.0122,0.00572,0.0095,0.00195,0.01018,0.02379,NA,0.00399,0.00371,NA,0.00236,0.00591,0.03126,0.32929,0.00503,0,NA,0.00288,NA,0.00715,NA,0,0.04557,0,0.00148,NA,NA,0.0452,0,NA,0.00204,0.06678,0.00143,0.05995,0,0.05255,0.01494,0,NA,0.04567,0,0.00239,NA,NA,NA,NA,NA,0.0196,NA,NA,NA,0.0229,NA,NA,NA,NA,NA,NA,NA,NA,NA,NA,NA,NA,NA,0,NA,0.00153,0,NA,NA,NA
"1158_MSV-W4_CP04543",0.00214,0.00087,0.00777,0,0,0.00333,0.00363,0.00909,0,NA,0.00097,0,0,0,0,0.00076,0,0,NA,NA,NA,0.02909,0.04054,NA,NA,0,NA,0,0,0,0,NA,0,NA,NA,NA,0.00342,NA,0.00294,NA,0.00927,0.00819,0,0,NA,0.00565,0,0.00793,0.00121,0,0.03607,NA,NA,0.00335,NA,NA,0,0.00521,0.00256,0.00377,8e-04,0.00377,0.00794,NA,0.00149,0.00149,NA,0.07787,0.00161,0.09828,0.15304,0.05258,0,NA,0.10291,NA,0.00768,NA,0,0.01585,0,0.00142,NA,NA,0.01697,0,NA,0.00136,0.09347,0.00122,0.02592,0,0.0704,0.00263,0.00105,NA,0.01566,0,0.00075,NA,NA,NA,NA,NA,0.03037,NA,NA,NA,0.02438,NA,NA,NA,NA,NA,NA,NA,NA,NA,NA,NA,NA,NA,0,NA,0.00131,0,NA,NA,NA
"1159_MSV-W4_CP04543",0.00554,0.00314,0.01063,0,0,0,0.00245,0.00602,0,NA,0,0.00137,0,0,0,0,0,0,NA,NA,NA,0.01363,0.02079,NA,NA,0,NA,0.00219,0,0,0,NA,0,NA,NA,NA,0.01131,NA,0.01018,NA,0.00922,0.00981,0,0,NA,0.00634,0,0.01115,0.00399,0.0055,0.01054,NA,NA,0.00971,NA,NA,0,0.01169,0.00545,0.01048,0.00292,0.01416,0.0216,NA,0.00396,0.0057,NA,0.00303,0.00293,0.03261,0.25808,0.00487,0,NA,0.00353,NA,0.02793,NA,0,0.05154,0,0.00167,NA,NA,0.05186,0,NA,0.00257,0.0741,0.00159,0.0685,0,0.05806,0.00947,0,NA,0.05219,0,0.00572,NA,NA,NA,NA,NA,0.01056,NA,NA,NA,0.04678,NA,NA,NA,NA,NA,NA,NA,NA,NA,NA,NA,NA,NA,0,NA,0.00157,0,NA,NA,NA
"1160_MSV-W4_B_CP04543",0.00969,0.00298,0.00394,0,0.06579,0.0075,0.00843,0.00652,0,NA,0,0,0,0,0,0,0,0,NA,NA,NA,0,0.02809,NA,NA,0,NA,0,0,0,0.00119,NA,0.0017,NA,NA,NA,0.01949,NA,0.00974,NA,0.0065,0.08088,0.00525,0.00669,NA,0.01073,0,0.00412,0.00511,0.0055,0.05175,NA,NA,0.00794,NA,NA,0,0.10735,0.02713,0.01063,0.00289,0.01198,0.02936,NA,0.00501,0.0064,NA,0,0.00226,0.00655,0.16557,0,0,NA,0,NA,0.04103,NA,0,0,0,0.00112,NA,NA,0.00147,0,NA,0,0.06944,0.00133,0.01119,0,0.05453,0.00595,0,NA,0,0,0.00434,NA,NA,NA,NA,NA,0.03668,NA,NA,NA,0.03931,NA,NA,NA,NA,NA,NA,NA,NA,NA,NA,NA,NA,NA,0,NA,0.00613,0,NA,NA,NA
"1161_MSV-W4_CP04543",0.009,0.00393,0,0,0.00248,0.00819,0.00884,0.00488,0,NA,0,0,0,0,0,0,0,0.00443,NA,NA,NA,0.05565,0.0804,NA,NA,0,NA,0,0,0,0,NA,0,NA,NA,NA,0.01184,NA,0.01158,NA,0.01101,0.01138,0,0,NA,0.00532,0,0,0.00505,0.00676,0.02083,NA,NA,0.01133,NA,NA,0,0.01916,0.01111,0.0133,0.00422,0.01934,0.02932,NA,0.00523,0.0103,NA,0,0,0,0.13616,0,0,NA,0,NA,0.00982,NA,0,0.03042,0,0.00236,NA,NA,0.03125,0,NA,0,0.10477,0.00154,0.04526,0,0.08284,0.0081,0.00158,NA,0.03007,0,0.00703,NA,NA,NA,NA,NA,0.03722,NA,NA,NA,0.08489,NA,NA,NA,NA,NA,NA,NA,NA,NA,NA,NA,NA,NA,0,NA,0.00184,0,NA,NA,NA
"1162_MSV-W4_CP04543",0.00453,0.00145,0.00485,0,0.09428,0.00317,0.00335,0.00247,0,NA,0,0.00125,0,0,0,0,0,0,NA,NA,NA,0.01172,0.01716,NA,NA,0,NA,0,0,0,0.00233,NA,0.00063,NA,NA,NA,0.01802,NA,0.00575,NA,0.00579,0.04693,0,0,NA,0.01174,0,0.00498,0.00202,0.00264,0.08972,NA,NA,0.00448,NA,NA,0,0.04664,0.01778,0.00513,0.00149,0.0079,0.01703,NA,0.00249,0.01038,NA,0,0.00106,0.07801,0.079,0.02366,0,NA,0,NA,0.02689,NA,0,0.03955,0,0.00083,NA,NA,0.03969,0,NA,0,0.06314,0.00119,0.05111,0,0.04874,0.00367,7e-04,NA,0.03997,0,0.00242,NA,NA,NA,NA,NA,0.0392,NA,NA,NA,0.00812,NA,NA,NA,NA,NA,NA,NA,NA,NA,NA,NA,NA,NA,0,NA,0.00493,0,NA,NA,NA
"1163_MSV-W4_CP04543",0.00271,0.00104,0.02385,0,0,0.00427,0.00484,0.00616,0,NA,0.00213,0.00136,0,0,0,0,0,0,NA,NA,NA,0.01357,0.0196,NA,NA,0,NA,0,0,0,0,NA,0,NA,NA,NA,0.01172,NA,0.00946,NA,0.00809,0.01002,0,0,NA,0.01389,0.00435,0.02463,0.00106,0.00136,0.05633,NA,NA,0.00189,NA,NA,0,0.00459,0.00213,0.0037,0.00183,0.0054,0.00356,NA,0.0019,0.0032,NA,0.02274,0.00379,0.10731,0.22184,0,0.04469,NA,0.02618,NA,0.00225,NA,0,0.03766,0.00068,0.00161,NA,NA,0.03737,0,NA,0.00151,0.06868,0.00148,0.05014,0,0.05319,0.00181,0,NA,0.03729,0,0.00214,NA,NA,NA,NA,NA,0.01257,NA,NA,NA,0.01103,NA,NA,NA,NA,NA,NA,NA,NA,NA,NA,NA,NA,NA,0,NA,0.00447,0,NA,NA,NA
"1164_MSV-W4_CP04543",0.01066,0.00451,0.01084,0,0,0.00717,0.00767,0.01238,0,NA,0,0.00265,0,0,0,0,0,0,NA,NA,NA,0.01603,0.02362,NA,NA,0,NA,0,0,0,0,NA,0,NA,NA,NA,0.01385,NA,0.01428,NA,0.0083,0.01021,0,0,NA,0.00563,0,0.01126,0.00529,0.00732,0.0168,NA,NA,0.02135,NA,NA,0.00112,0.01805,0.00738,0.01455,0.00285,0.01396,0.04385,NA,0.0084,0.00358,NA,0.00757,0,0.0481,0.08685,0.02337,0,NA,0.00911,NA,0.09001,NA,0,0.04063,0,0.00192,NA,NA,0.04108,0,NA,0.00239,0.09102,0.00152,0.05678,0,0.06954,0.01737,0,NA,0.04005,0,0.00336,NA,NA,NA,NA,NA,0.01468,NA,NA,NA,0.02672,NA,NA,NA,NA,NA,NA,NA,NA,NA,NA,NA,NA,NA,0,NA,0.00435,0,NA,NA,NA
"1165_MSV-W4_CP04543",0.00696,0.00222,0.00583,0,0.10739,0.016,0.01793,0.00538,0,NA,0,0.0025,0,0,0,0,0,0.00226,NA,NA,NA,0.02425,0.03451,NA,NA,0,NA,0,0,0,0.00614,NA,0,NA,NA,NA,0.01073,NA,0.0064,NA,0.0077,0.05831,0,0,NA,0.01546,0,0.00601,0.0028,0.00398,0.1077,NA,NA,0.00689,NA,NA,0.00071,0.04417,0.00399,0.00768,0.0024,0.00836,0.03275,NA,0.0041,0.00536,NA,0,0,0.0081,0.03604,0,0,NA,0,NA,0.04647,NA,0,0.03232,0,0.00097,NA,NA,0.03222,0,NA,0,0.0778,0.00144,0.0437,0,0.05858,0.00538,0.00069,NA,0.03192,0,0.00466,NA,NA,NA,NA,NA,0.03609,NA,NA,NA,0.01135,NA,NA,NA,NA,NA,NA,NA,NA,NA,NA,NA,NA,NA,0,NA,0.00469,0,NA,NA,NA
"1176_M_ORX_E-W4_CP04543",0.00078,0,0,0,0,0.00674,0.00759,0,0.00042,NA,0.00045,8e-04,0,0,0.00046,0.00092,0,0.00176,NA,NA,NA,0.01984,0.0276,NA,NA,0.02857,NA,0,0,0.00295,0.00453,NA,0,NA,NA,NA,0.0011,NA,0.00105,NA,0.0098,0.00665,0,0,NA,0.00076,0,0.00115,0,0,0.09542,NA,NA,0.00117,NA,NA,0,0.02014,0.01143,0.00072,0.00044,0.00109,0.00149,NA,0.00101,0,NA,0.05209,0.00065,0.07656,0.05845,0,0.06847,NA,0.07143,NA,0.00208,NA,0,0.02745,0.00061,0.00074,NA,NA,0.02783,0,NA,0.00086,0.13766,0.00129,0.03377,5e-04,0.1013,0.00055,0.00151,NA,0.02706,0.00276,0,NA,NA,NA,NA,NA,0.04097,NA,NA,NA,0.00444,NA,NA,NA,NA,NA,NA,NA,NA,NA,NA,NA,NA,NA,0,NA,0.00287,0,NA,NA,NA
"1177_M_ORX_E-W4_CP04543",6e-04,0,0.00412,0,0,0.00529,0.00583,0,0.00051,NA,0.00059,0.00143,0,0,0.00037,0,0.00053,0.00241,NA,NA,NA,0.03081,0.04131,NA,NA,0.10901,NA,0,0,0.00233,0.00439,NA,0,NA,NA,NA,0.00096,NA,0.00059,NA,0.0038,0.00472,0,0,NA,0.00151,0,0.00423,0,0,0.25873,NA,NA,0.00137,NA,NA,0,0.008,0.00109,0.00071,0,0.00085,0.00079,NA,0.00059,6e-04,NA,0.05945,0,0.1285,0.01714,0,0.0587,NA,0.08875,NA,4e-04,NA,0,0.00611,4e-04,0.00118,NA,NA,0.00664,0,NA,0.00087,0.03489,0.00085,0.01325,0,0.02742,0.00125,0.00067,NA,0.00577,0.00221,0,NA,NA,NA,NA,NA,0.03675,NA,NA,NA,0.00886,NA,NA,NA,NA,NA,NA,NA,NA,NA,NA,NA,NA,NA,0,NA,0,0.00122,NA,NA,NA
"1178_M_ORX_E-W4_CP04543",0.00053,0,0.00384,0,0.01219,0.00135,0.00148,9e-04,0,NA,0.00064,0,0.02582,0.00868,0.00876,0,0,0.0011,NA,NA,NA,0.01491,0.02112,NA,NA,0.06531,NA,0,0,0,0,NA,0,NA,NA,NA,0.00104,NA,0.00078,NA,0.00378,0.00439,0,0,NA,0.00181,0,0.00414,0,0,0.17591,NA,NA,0.00094,NA,NA,0,0.01082,8e-04,0.00097,0,0.00514,0.00252,NA,0,6e-04,NA,0.07932,0,0.11317,0.02424,0,0.06019,NA,0.11857,NA,0.00518,NA,0,0.02026,0.00043,0.00081,NA,NA,0.02034,0,NA,0.00103,0.03478,0.00062,0.02804,0,0.02722,0.00092,0.00055,NA,0.02054,0,0,NA,NA,NA,NA,NA,0.03071,NA,NA,NA,0.00101,NA,NA,NA,NA,NA,NA,NA,NA,NA,NA,NA,NA,NA,0.01099,NA,0.02038,0,NA,NA,NA
"1179_M_ORX_E-W4_CP04543",0.00176,6e-04,0.00744,0,0,0.00205,0.00232,0,0.00089,NA,0.00103,0.00112,0,0,0,0,0,0,NA,NA,NA,0.00886,0.01297,NA,NA,0.05234,NA,0,0,0.00204,0.00227,NA,0,NA,NA,NA,0.00369,NA,0.00216,NA,0.00583,0.00622,0,0,NA,0.00277,0,0.00791,0.0013,5e-04,0.16311,NA,NA,0.00248,NA,NA,0,0.02624,0.00202,0.00258,0.00146,0.00297,0.00343,NA,0.00264,0.00119,NA,0.07905,0,0.1083,0.02659,0,0.05973,NA,0.11549,NA,0.00224,NA,0,0.02531,0,0.00088,NA,NA,0.02526,0,NA,0,0.06556,0.00118,0.03321,0,0.04945,8e-04,0,NA,0.02508,0.00189,6e-04,NA,NA,NA,NA,NA,0.01449,NA,NA,NA,0.02853,NA,NA,NA,NA,NA,NA,NA,NA,NA,NA,NA,NA,NA,0,NA,0,0.00217,NA,NA,NA
"1180_M_ORX_E-W4_CP04543",0.00047,0,0.00492,0,0.00839,0.00083,9e-04,0.00031,0,NA,0.00076,9e-04,0.00927,0.00312,0.0031,0,0,0,NA,NA,NA,0.00667,0.00931,NA,NA,0.06859,NA,0,0,0,0,NA,0,NA,NA,NA,0.00109,NA,0.00056,NA,0.00194,0.00241,0,0,NA,0.00225,0,0.0052,0.00038,0,0.2224,NA,NA,0.00043,NA,NA,0,0.01082,6e-04,0.00084,0.00032,0.00629,0.00099,NA,0,0.00064,NA,0.09327,0,0.1234,0.02217,0,0.06847,NA,0.15728,NA,0.00286,NA,0,0.02141,0,0,NA,NA,0.02207,0,NA,0.00064,0.01743,0.00036,0.02657,0,0.01393,0.00042,0,NA,0.02263,0,0.00055,NA,NA,NA,NA,NA,0.01151,NA,NA,NA,0.00074,NA,NA,NA,NA,NA,NA,NA,NA,NA,NA,NA,NA,NA,0.00548,NA,0.01315,0,NA,NA,NA
"1181_M_ORX_E-W4_CP04543",0.00182,0.00069,0.00617,0,0,0.00356,0.00397,0.00094,0,NA,0.00112,0,0,0,0,0,0,0,NA,NA,NA,0.0303,0.04186,NA,NA,0.04918,NA,0,0.0059,0,0.00616,NA,0,NA,NA,NA,0.00533,NA,0.003,NA,0.00431,0.00543,0,0,NA,0.00252,0,0.00655,0.00127,0,0.21222,NA,NA,0.00105,NA,NA,0,0.02346,0.0023,0.00382,0.00117,0.00322,0.00216,NA,0.0014,0.00241,NA,0.07275,0,0.10865,0.02673,0,0.04296,NA,0.09546,NA,0.00702,NA,0,0.01401,0,0.00087,NA,NA,0.01426,0,NA,0,0.05562,0.00098,0.021,0,0.04303,0.00087,0,NA,0.0137,0,0.00149,NA,NA,NA,NA,NA,0.02171,NA,NA,NA,0.02384,NA,NA,NA,NA,NA,NA,NA,NA,NA,NA,NA,NA,NA,0,NA,0,0.00174,NA,NA,NA
"1182_M_ORX_E-W4_CP04543",0.00168,0.00069,0,0,0,0.00613,0.0069,0,0.00099,NA,0,0.00068,0,0,0,0.00083,0,0.0021,NA,NA,NA,0.02412,0.03374,NA,NA,0.0369,NA,0,0,0.00157,0.00383,NA,0,NA,NA,NA,0.00342,NA,0.0026,NA,0.00761,0.00613,0,0,NA,0,0,0,0.00125,0,0.10629,NA,NA,0.00274,NA,NA,0,0.02987,0.01642,0.00192,0.00102,0.00256,0.00405,NA,0.00238,0.00121,NA,0.06256,0.00069,0.07832,0.06318,0,0.07974,NA,0.07994,NA,0.00465,NA,0,0.0197,0.00059,0.00059,NA,NA,0.00709,0,NA,0.00134,0.114,0.00124,0.02497,0,0.08531,0.00137,0,NA,0.0191,0.00156,0,NA,NA,NA,NA,NA,0.03087,NA,NA,NA,0.01062,NA,NA,NA,NA,NA,NA,NA,NA,NA,NA,NA,NA,NA,0,NA,0,0.00296,NA,NA,NA
"1183_M_ORX_E-W4_CP04543",0,0,0.00358,0.01073,0,0.00065,0.00071,0,0,NA,0.00062,0.00113,0.01471,0.00497,0.00499,0,0,0,NA,NA,NA,0.00657,0.00914,NA,NA,0.07341,NA,0,0,0,0,NA,0.00043,NA,NA,NA,0.00053,NA,0.00042,NA,0.00239,0.00316,0,0,NA,0.00163,0,0.00374,0,0,0.21353,NA,NA,0,NA,NA,0,0.00527,0,0,0,0.00378,7e-04,NA,0,0,NA,0.08018,0,0.12445,0.02176,0,0.06295,NA,0.12946,NA,0.00185,NA,0,0.02977,0,0.00049,NA,NA,0.02847,0,NA,0.00076,0.02195,0.00052,0.03794,0,0.01753,0,0,NA,0.03194,0,0,NA,NA,NA,NA,NA,0.01473,NA,NA,NA,0.00042,NA,NA,NA,NA,NA,NA,NA,NA,NA,NA,NA,NA,NA,0.0087,NA,0.0184,0,NA,NA,NA
"1184_M_ORX_E-W4_CP04543",0,0,0.00296,0,0.00341,0,0,0,0,NA,0.00071,0,0.01513,0.00477,0.00471,0,0,0,NA,NA,NA,0,0.00276,NA,NA,0.06286,NA,0,0,0,0,NA,0,NA,NA,NA,0.00113,NA,0,NA,0.0023,0.00203,0,0,NA,0.00156,0,0.00309,0,0,0.28495,NA,NA,0,NA,NA,0,0.00586,0,0,0,0.00138,0,NA,0,0,NA,0.10669,0,0.10545,0.0113,0,0.07341,NA,0.1541,NA,0.00083,NA,0,0.01984,0,0,NA,NA,0.01979,0,NA,0.00117,0.02309,0,0.02441,0,0.01811,0,0,NA,0.02019,0,0,NA,NA,NA,NA,NA,0.00549,NA,NA,NA,0,NA,NA,NA,NA,NA,NA,NA,NA,NA,NA,NA,NA,NA,0.00242,NA,0,0.01408,NA,NA,NA
"1185_M_ORX_E-W4_CP04543",0.00086,0.00036,0.00409,0,0.00634,0.00105,0.00111,0.00188,0,NA,6e-04,0.0014,0.04098,0.01377,0.01383,0.00039,0,0.00116,NA,NA,NA,0.02031,0.02743,NA,NA,0.03407,NA,0,0,0.0031,0,NA,0,NA,NA,NA,0.00308,NA,0.00175,NA,0.00459,0.00447,0,0,NA,0.00179,0,0.00441,0,0,0.13627,NA,NA,0.00239,NA,NA,0,0.0131,0.00128,0.00126,0,0.00183,0.00272,NA,7e-04,0.00144,NA,0.05992,0.00039,0.06778,0.04419,0,0.05475,NA,0.08599,NA,0.00264,NA,0,0.03825,0.00042,0.00093,NA,NA,0.04007,0,NA,8e-04,0.04161,0.00074,0.05167,0,0.0324,0.00156,0.00178,NA,0.0411,0.00292,0.00041,NA,NA,NA,NA,NA,0.05373,NA,NA,NA,0.00425,NA,NA,NA,NA,NA,NA,NA,NA,NA,NA,NA,NA,NA,0.0049,NA,0.01297,0,NA,NA,NA
"1166_M_O_V-W4_CP04543",0.00394,0.00212,0.0084,0,0,0.00725,0.0079,0,0.00221,NA,0,0.00079,0,0,0.00084,0.00074,0,0.0041,NA,NA,NA,0.0656,0.08871,NA,NA,0.01409,NA,0,0,0.00284,0,NA,0,NA,NA,NA,0.00413,NA,0.00361,NA,0.01089,0.00982,0,0,NA,0.00463,0,0.00874,0.00241,0.00092,0.10891,NA,NA,0.00499,NA,NA,0,0.00546,0.00358,0.00527,0.00323,0.00501,0.0064,NA,0.00244,0.00437,NA,0.0333,0,0.11347,0.05629,0,0.04691,NA,0.03942,NA,0.01526,NA,0.00097,0,0,0.00104,NA,NA,0.00115,0,NA,0.00163,0.09752,0.00144,0.00447,0,0.07638,0.00561,0.00293,NA,0,0.00264,0.00388,NA,NA,NA,NA,NA,0.08694,NA,NA,NA,0.00441,NA,NA,NA,NA,NA,NA,NA,NA,NA,NA,NA,NA,NA,0,NA,0,0,NA,NA,NA
"1167_M_O_V-W4_CP04543",0.00114,6e-04,0.01089,0,0,0.00801,0.00873,0.00068,0,NA,0.00075,0,0.00059,0,0.00077,0.00052,0,0.00442,NA,NA,NA,0.02405,0.03407,NA,NA,0.02273,NA,0,0,0.00291,0,NA,0,NA,NA,NA,0.0025,NA,0.00117,NA,0.01187,0.00997,0,0,NA,0.00589,0,0.01143,0,0,0.21254,NA,NA,0.00104,NA,NA,0,0.00721,0.00055,0.00129,0.00051,0.00122,0.00136,NA,0,0.00138,NA,0.04438,0,0.0995,0.05463,0,0.09345,NA,0.05512,NA,0.00103,NA,0,0.00085,0.00055,0.0012,NA,NA,0.00135,0,NA,0.00116,0.08798,0.00159,0.00453,0.00057,0.06707,0.00109,0.00315,NA,0,0.00273,9e-04,NA,NA,NA,NA,NA,0.08343,NA,NA,NA,0.00135,NA,NA,NA,NA,NA,NA,NA,NA,NA,NA,NA,NA,NA,0,NA,0.00056,0,NA,NA,NA
"1168_M_O_V-W4_CP04543",0.00628,0.0031,0.00422,0,0.00654,0.00756,0.00844,0,0.00857,NA,0,0,0,0,0,0,0,0,NA,NA,NA,0.01273,0.01883,NA,NA,0,NA,0,0,0,0.00287,NA,0,NA,NA,NA,0.00891,NA,0.00609,NA,0.00519,0.0072,0,0,NA,0.00279,0,0.00446,0.00538,0.00387,0.02027,NA,NA,0.01335,NA,NA,0,0.08249,0.01662,0.00962,0.00202,0.01974,0.01768,NA,0.01791,0.00339,NA,0.01824,0,0.05406,0.05765,0,0.03137,NA,0.02198,NA,0.04713,NA,0,0.05751,0,0,NA,NA,0.05481,0.00236,NA,0,0.07474,0.0011,0.06972,0,0.05733,0.01195,0,NA,0.05917,0,0.00439,NA,NA,NA,NA,NA,0.03715,NA,NA,NA,0.01177,NA,NA,NA,NA,NA,NA,NA,NA,NA,NA,NA,NA,NA,0,NA,0,0,NA,NA,NA
"1169_M_O_V-W4_CP04543",0.00373,0.00237,0.00931,0,0,0.01028,0.01117,0,0.0031,NA,0,0.00104,0,0,0,0,0,0.00431,NA,NA,NA,0.04052,0.05667,NA,NA,0.0101,NA,0,0,0.0033,0,NA,0,NA,NA,NA,0.00505,NA,0.00224,NA,0.00954,0.00852,0,0,NA,0.00516,0,0.00967,0.00244,0.00077,0.14633,NA,NA,0.01002,NA,NA,0,0.00665,0.00451,0.00505,0.00171,0.00427,0.00859,NA,0.00214,0.00395,NA,0.04181,0.00088,0.10081,0.09083,0,0.05913,NA,0.0502,NA,0.0052,NA,0.00092,0,0,0.00111,NA,NA,0,0,NA,0.00158,0.09218,0.00131,0.00447,0,0.07188,0.00965,0.00226,NA,0,0.00323,0.00318,NA,NA,NA,NA,NA,0.06203,NA,NA,NA,0.00485,NA,NA,NA,NA,NA,NA,NA,NA,NA,NA,NA,NA,NA,0,NA,0,0,NA,NA,NA
"1170_M_O_V-W4_CP04543",0,0,0.00385,0.00358,0,0.01501,0.01663,0.00596,0,NA,0,0.00084,0,0,0,0,0,0,NA,NA,NA,0.00772,0.01215,NA,NA,0.01223,NA,0,0,0.00636,0.01704,NA,0,NA,NA,NA,0,NA,0,NA,0.00569,0.00722,0,0,NA,0.00269,0,0.00407,0,0,0.11136,NA,NA,0.00125,NA,NA,0,0.01093,0.00169,0,0,0.00163,0.00175,NA,0.00122,0,NA,0.03762,0.00101,0.07563,0.08206,0,0.06102,NA,0.04578,NA,0.00375,NA,0,0.07508,0,0,NA,NA,0.07017,0,NA,0.00189,0.0577,0.00132,0.08955,0,0.0455,0.00185,0,NA,0.0772,0.00595,0,NA,NA,NA,NA,NA,0.01501,NA,NA,NA,0.00103,NA,NA,NA,NA,NA,NA,NA,NA,NA,NA,NA,NA,NA,0,NA,0,0,NA,NA,NA
"1171_M_O_V-W4_CP04543",0.00346,0.00205,0.00704,0,0,0.00859,0.00975,0,0.00274,NA,0,0.00116,0,0,0.00081,0.00076,0,0.00486,NA,NA,NA,0.05958,0.08075,NA,NA,0.012,NA,0,0,0.00472,0,NA,0,NA,NA,NA,0.00313,NA,0.00291,NA,0.01019,0.00979,0,0,NA,0.0038,0,0.00728,0.00234,0.00079,0.1175,NA,NA,0.00619,NA,NA,0,0.00993,0.00336,0.00514,0.00193,0.00427,0.00874,NA,0.00265,0.00259,NA,0.02778,0,0.08946,0.04938,0,0.04899,NA,0.03418,NA,0.05689,NA,0.00102,0.00081,0,0.00099,NA,NA,0.0012,0,NA,0.00162,0.09616,0.00144,0.00481,0,0.07248,0.00687,0.00281,NA,0,0.00445,0.00319,NA,NA,NA,NA,NA,0.09079,NA,NA,NA,0.00389,NA,NA,NA,NA,NA,NA,NA,NA,NA,NA,NA,NA,NA,0,NA,0,0,NA,NA,NA
"1172_M_O_V-W4_CP04543",0.00115,0.00065,0.009,0,0.00097,0.00679,0.00741,0,0.00065,NA,0,0,0,0,0.00057,0.00059,0,0.00342,NA,NA,NA,0.0251,0.03533,NA,NA,0.0207,NA,0,0,0.0024,0,NA,0,NA,NA,NA,0.00255,NA,0.00095,NA,0.00913,0.00866,0,0,NA,0.00496,0,0.00933,0,0,0.17582,NA,NA,0.00182,NA,NA,0,0.00152,0.00101,0.00117,0.00072,0.00127,0.00117,NA,0,0.00187,NA,0.04974,0.00114,0.12061,0.11701,0,0.07785,NA,0.06296,NA,0.00321,NA,0,0.00066,0.00055,0.00093,NA,NA,0.00112,0,NA,0.00114,0.08431,0.00134,0.0039,0.00051,0.06408,0.00179,0.00252,NA,0,0.00226,0.00224,NA,NA,NA,NA,NA,0.06088,NA,NA,NA,0.0015,NA,NA,NA,NA,NA,NA,NA,NA,NA,NA,NA,NA,NA,0,NA,0,0,NA,NA,NA
"1173_M_O_V-W4_CP04543",0.00102,0.00066,0.00453,0,0.06453,0.00455,0.00502,0,0.00089,NA,0,0.00091,0,0,0,0,0,0.00219,NA,NA,NA,0.02113,0.02971,NA,NA,0.03467,NA,0,0,0.00333,0.00506,NA,0.00076,NA,NA,NA,0.00111,NA,0.00123,NA,0.00561,0.00704,0,0,NA,0.00348,0,0.00463,0,0,0.15257,NA,NA,0.00157,NA,NA,0,0.0099,0.00118,0.00112,0,0.0011,0.00196,NA,0.00264,0,NA,0.01888,0.00108,0.05609,0.08766,0,0.05181,NA,0.02315,NA,0.00088,NA,0,0.04995,0,0.00118,NA,NA,0.0498,0,NA,0,0.0762,0.00116,0.06127,0,0.05672,0.00146,0.00086,NA,0.0509,0.00319,0.00069,NA,NA,NA,NA,NA,0.03207,NA,NA,NA,0.00096,NA,NA,NA,NA,NA,NA,NA,NA,NA,NA,NA,NA,NA,0,NA,0,0,NA,NA,NA
"1174_M_O_V-W4_CP04543",0.0035,0.00146,0.00539,0,0.06804,0.00341,0.00395,0,0.00149,NA,0.00069,0.00059,0,0,0,0,0,0,NA,NA,NA,0.01361,0.01947,NA,NA,0.01343,NA,0,0,0.00129,0.00237,NA,0.00136,NA,NA,NA,0.00588,NA,0.00305,NA,0.00529,0.00686,0.00343,0,NA,0.00375,0,0.00565,0.00237,0.0026,0.10923,NA,NA,0.00335,NA,NA,0,0.03793,0.00376,0.00486,0.00153,0.00433,0.01024,NA,0.01268,0.00262,NA,0.02697,0.00079,0.06795,0.06482,0,0.05726,NA,0.03173,NA,0.03676,NA,0,0.04726,0,0.00072,NA,NA,0.04685,0,NA,0.00126,0.06207,0.00123,0.0566,0,0.04782,0.00226,0,NA,0.04801,0,0.00193,NA,NA,NA,NA,NA,0.02453,NA,NA,NA,0.00374,NA,NA,NA,NA,NA,NA,NA,NA,NA,NA,NA,NA,NA,0,NA,0,0,NA,NA,NA
"1136_FV-W4_CP04543",0.00767,0.00834,0.02453,NA,4e-05,0.00578,0.00621,0.02663,0,NA,3e-04,0,8e-05,8e-05,0,0.00013,NA,NA,0,0.00032,NA,NA,0.0182,NA,0.00016,0,6e-05,0.00012,0.01726,NA,NA,NA,0,0,NA,0.00032,0.00846,0.00085,0.00574,0.00131,0.00203,0.08501,0,0.00071,NA,0.01504,0.00064,0.02542,0.00373,0.00528,0.05296,NA,NA,0.01106,NA,NA,0.00047,0.06838,0.06504,0.00958,0.00238,0.00882,0.07503,NA,0.00567,0.00194,NA,0.00033,0.00021,0.04395,0.06309,NA,0.04454,NA,0.0019,NA,0.00289,0.00027,0,0.00076,0.00084,0.00076,0.00017,0.00102,0.00083,0.00177,0.00024,0,0.11579,0.00109,0.00878,0.00035,0.08821,0.01037,0.00066,0,0.00014,NA,0.00284,NA,NA,NA,NA,NA,0.02639,NA,NA,NA,0.00746,NA,NA,NA,NA,NA,NA,NA,NA,NA,NA,NA,NA,NA,0,NA,0,0,NA,NA,NA
"1137__FV-W4_CP04543",0.00283,0.00274,0.02529,NA,9e-05,0.00133,0.00144,0.01245,0,NA,0.00038,0,6e-05,0,0,5e-05,NA,NA,0.00017,0,NA,NA,0.00638,NA,2e-04,0,5e-05,9e-05,0,NA,NA,NA,0,0,NA,0.00012,0.00525,0.00033,0.00262,0.00095,0.00213,0.06326,0,5e-05,NA,0.01478,0.00435,0.02611,0.00131,0.00293,0.06611,NA,NA,0.00288,NA,NA,0.00019,0.03083,0.03096,0.00389,0.00163,0.00345,0.0264,NA,0.00233,0.00118,NA,0.01018,0.00039,0.15694,0.1106,NA,0.11506,NA,0.01163,NA,0.02226,0.00027,0,0.00083,9e-04,0.00076,0.00014,0.00018,0.00085,0.00151,0.00032,0.00146,0.10202,0.00125,0.00948,0.00037,0.07931,0.00277,0.00043,0,0.00015,NA,0.00048,NA,NA,NA,NA,NA,0.01742,NA,NA,NA,0.00334,NA,NA,NA,NA,NA,NA,NA,NA,NA,NA,NA,NA,NA,0,NA,0,0,NA,NA,NA
"1138__FV-W4_CP04543",0.0039,0.00713,0.03752,NA,0.00025,3e-04,0.00043,0.00817,0,NA,0.00045,0,7e-05,6e-05,0,0.00023,NA,NA,0.00018,0,NA,NA,0.0042,NA,0.00022,0,0,0.00024,0,NA,NA,NA,0.00016,0,NA,0.00032,0.00989,0.00026,0.00586,0.00094,0.00295,0.07115,0,0.00026,NA,0.03173,0.00707,0.03944,0.00274,0.00352,0.02416,NA,NA,0.00247,NA,NA,0.00024,0.00459,0.02576,0.0056,0.0291,0.00689,0.01109,NA,0.00674,0.00236,NA,0.01873,0.00028,0.22566,0.07955,NA,0.12281,NA,0.02162,NA,0.00542,0.00018,0.00096,0.00092,0.00092,0.00064,0.00013,0.00111,0.00049,0.00181,3e-04,0,0.0652,0.001,0.00569,3e-04,0.05325,0.00233,0.00051,4e-05,0.00011,NA,0.00334,NA,NA,NA,NA,NA,0.02112,NA,NA,NA,0.0047,NA,NA,NA,NA,NA,NA,NA,NA,NA,NA,NA,NA,NA,0,NA,0,0,NA,NA,NA
"1139__FV-W4_CP04543",0.00238,0.00197,0.02479,NA,0.00016,0.00206,0.00223,0.00365,0,NA,0.00031,0,6e-05,0,0,0.00014,NA,NA,0.00015,0,NA,NA,0.00905,NA,0.00016,6e-05,5e-05,0.00018,0,NA,NA,NA,0,0,NA,7e-05,0.00608,0.00024,0.00303,0.00076,0.00229,0.07918,0.00017,0.00017,NA,0.01999,0.00447,0.02588,0.00093,0.00176,0.01616,NA,NA,0.00162,NA,NA,0.00014,0.03331,0.01993,0.0023,0.02131,0.00474,0.00368,NA,0.00208,0.00138,NA,0.04513,0.00051,0.15719,0.12683,NA,0.10437,NA,0.05552,NA,0.0039,0.00019,0,0.00072,0.00087,0.00075,0.00012,0.00013,0.00203,9e-05,0.00029,0.00143,0.08532,0.00105,0.00709,0.00032,0.06692,0.00135,0.00065,5e-05,9e-05,NA,0.00202,NA,NA,NA,NA,NA,0.03089,NA,NA,NA,0.00234,NA,NA,NA,NA,NA,NA,NA,NA,NA,NA,NA,NA,NA,0,NA,2e-05,0,NA,NA,NA
"1140__FV-W4_CP04543",0.00156,0.00205,0.02126,NA,0,0.00662,0.00736,0.00432,0,NA,4e-04,2e-05,0.00021,0,0,6e-05,NA,NA,0.00049,0,NA,NA,0.01552,NA,2e-04,0,4e-05,0,0.00541,NA,NA,NA,0,0.00079,NA,0.00012,0.00158,0.00021,0.00235,0.00093,0.0019,0.12837,0.00029,1e-04,NA,0.00726,0.00388,0.02246,0.00097,0.00122,0.11727,NA,NA,0.00264,NA,NA,0.00017,0.0134,0.00202,0.00197,0.00308,0.00246,0.00762,NA,0.00407,0.00034,NA,0,0.00027,0.17083,0.09178,NA,0.10533,NA,0,NA,0.00018,0.00022,0,0.001,0.00085,0.00103,0.00015,0.00022,0.00198,9e-05,2e-04,0.00072,0.08971,0.00131,0.00841,0.00034,0.06892,0.00304,0.00076,5e-05,0.00019,NA,0.00058,NA,NA,NA,NA,NA,0.03295,NA,NA,NA,0.00853,NA,NA,NA,NA,NA,NA,NA,NA,NA,NA,NA,NA,NA,0,NA,0,7e-05,NA,NA,NA
"1141__FV-W4_CP04543",0.00073,0.0012,0.03388,NA,0,0.00094,0.001,0.0045,0,NA,0.00091,0,5e-05,0,6e-05,9e-05,NA,NA,9e-05,0,NA,NA,0.01002,NA,0.00011,0,0,0,0.00184,NA,NA,NA,0,0,NA,3e-05,0.00121,4e-05,0.00144,0.00051,0.00135,0.06384,0,4e-05,NA,0.0109,0.00562,0.03489,0.00025,0.00096,0.15056,NA,NA,0.00016,NA,NA,5e-05,0.007,0.00032,0.00074,0.00278,0.00104,0.00077,NA,0.00075,0.00038,NA,0,0.00036,0.28379,0.10527,NA,0.13244,NA,0,NA,0.00028,1e-04,0,6e-04,0.00053,4e-04,7e-05,0.00059,0.00102,0,1e-04,0.00067,0.03645,0.00066,0.00418,0.00019,0.02933,0.00021,0.00024,0,7e-05,NA,0.00064,NA,NA,NA,NA,NA,0.00626,NA,NA,NA,0.00379,NA,NA,NA,NA,NA,NA,NA,NA,NA,NA,NA,NA,NA,0,NA,0.00019,0,NA,NA,NA
"1142__FV-W4_CP04543",0.00151,0.00882,0.03789,NA,0,0.00038,0.00099,0.00292,0,NA,0.00093,0,0,0,0,8e-05,NA,NA,1e-04,0,NA,NA,0.01275,NA,0.00013,0,0,0.00026,0,NA,NA,NA,0,0,NA,1e-04,0.01373,7e-05,0.0044,0.00066,0.00099,0.05517,0.00055,0.00014,NA,0.01658,0.00659,0.03911,0.00114,0.00147,0.17411,NA,NA,0.00075,NA,NA,0.00012,0.00166,0.00372,0.00416,0.01794,0.06982,0.0024,NA,0.00122,0.00247,NA,0,1e-04,0.22879,0.05235,NA,0.09554,NA,0,NA,0.00045,0.00012,0,0.00064,0.00054,0.00048,7e-05,0.00147,0.00038,0,0.00012,0.00097,0.05806,0.00072,0.00402,0.00019,0.04503,0.00056,0.00034,0,1e-04,NA,0.00156,NA,NA,NA,NA,NA,0.0082,NA,NA,NA,0.00179,NA,NA,NA,NA,NA,NA,NA,NA,NA,NA,NA,NA,NA,0,NA,5e-05,0,NA,NA,NA
"1143__FV-W4_CP04543",0.00142,0.00054,0.04761,NA,0,0.00091,0.00098,0.0032,0,NA,0.00141,0,3e-05,0,0,3e-05,NA,NA,8e-05,0,NA,NA,0.00194,NA,8e-05,0,0,5e-05,0,NA,NA,NA,0,0.00043,NA,6e-05,0.00461,9e-05,0.00277,0.00032,0.00087,0.02606,1e-05,9e-05,NA,0.01623,0.00765,0.04987,0.00049,0.00103,0.15106,NA,NA,5e-04,NA,NA,0.00011,0.0033,0.00096,0.00161,0.01597,0.00253,0.0011,NA,0.00111,0.00154,NA,0,0.00027,0.31576,0.09477,NA,0.13182,NA,0,NA,0.00103,7e-05,0,0.00033,0.00034,0.00015,0,0.00075,0.00057,0,7e-05,0.00068,0.02109,0.00041,0.00214,0.00011,0.01711,0.00063,6e-05,0,7e-05,NA,0.00108,NA,NA,NA,NA,NA,0.00122,NA,NA,NA,0.00367,NA,NA,NA,NA,NA,NA,NA,NA,NA,NA,NA,NA,NA,0,NA,0.00277,0,NA,NA,NA
"1144__FV-W4_CP04543",0.00286,0.00279,0.02245,NA,0,0.02089,0.02327,0.00626,0,NA,5e-04,0.00018,0.00029,0,0,8e-05,NA,NA,0.00024,0,NA,NA,0.0204,NA,0.00029,0,0,0,0.00402,NA,NA,NA,0,0.00079,NA,0.00021,0.00225,0.00029,0.00245,0.00165,0.00273,0.20264,0,0.00033,NA,0.00812,0.00081,0.02316,0.00132,0.00181,0.07082,NA,NA,0.00649,NA,NA,0.00021,0.03632,0.0043,0.00404,0.00873,0.00441,0.01489,NA,0.00467,0.00042,NA,0,0.00016,0.03665,0.08378,NA,0.01286,NA,0,NA,0.00126,0.00034,0,0.00137,0.00124,0.00092,0.00019,0.00224,0.00102,0.00221,0.00027,0.00093,0.14475,0.00172,0.00972,0.00041,0.11011,0.0048,0.00143,0,0.00019,NA,0.00077,NA,NA,NA,NA,NA,0.0522,NA,NA,NA,0.00604,NA,NA,NA,NA,NA,NA,NA,NA,NA,NA,NA,NA,NA,0,NA,0.00038,0,NA,NA,NA
"1145__FV-W4_CP04543",0.00076,0.00424,0.03006,NA,0,0.00036,0.00101,0.00819,0,NA,0.00076,0,0,0,0,0.00015,NA,NA,1e-04,0,NA,NA,0.0137,NA,0.00014,0,0,9e-05,0.01025,NA,NA,NA,0,0,NA,3e-05,0.0023,5e-05,0.00166,0.00075,0.00105,0.07705,0,2e-05,NA,0.01204,0.00497,0.03105,0.00045,3e-04,0.19609,NA,NA,0.00143,NA,NA,8e-05,0.00117,0.00674,0.00177,0.00711,0.01438,0.00247,NA,0.00099,0.00026,NA,0,2e-04,0.23382,0.05858,NA,0.09216,NA,0,NA,3e-04,0.00016,0,0.00063,0.00058,0.00039,8e-05,0.00085,0.00043,4e-05,0.00016,0.00099,0.06644,0.00091,0.0048,0.00023,0.05069,0.00148,0.00066,5e-05,9e-05,NA,0.00027,NA,NA,NA,NA,NA,0.03018,NA,NA,NA,0.00145,NA,NA,NA,NA,NA,NA,NA,NA,NA,NA,NA,NA,NA,0,NA,0.00263,0,NA,NA,NA
"1146__FT-W4_CP04543",0.00168,0.00471,0.03028,NA,0.00016,0.00511,0.00547,0,0.00902,NA,0.00092,0,0.00011,0,0,0.00017,NA,NA,0.00017,0,NA,NA,0.01614,NA,0.00026,0,8e-05,5e-05,0.00057,NA,NA,NA,0,0,NA,0.00019,0.0022,0.00037,0.00245,0.00141,0.00288,0.13222,3e-04,2e-04,NA,0.00937,0.00504,0.03143,0.00145,0.00114,0.06619,NA,NA,0.00338,NA,NA,0.00022,0.04274,0.00152,0.00235,0.00092,0.00264,0.01099,NA,0.00366,0.00053,NA,0.01546,5e-04,0.05285,0.13667,NA,0.03468,NA,0.01813,NA,0.00301,0.00033,0,0.00106,0.00121,0.00115,0.00022,0.00183,0.00109,0.00015,0.00051,0.00199,0.15575,0.00175,0.01095,0.00045,0.11799,0.00281,0.00066,4e-05,0.00019,NA,0.00174,NA,NA,NA,NA,NA,0.02932,NA,NA,NA,0.00193,NA,NA,NA,NA,NA,NA,NA,NA,NA,NA,NA,NA,NA,0,NA,0.00215,0,NA,NA,NA
"1147__FT-W4_CP04543",3e-04,0.00047,0.03287,NA,0.00198,0.00236,0.00258,0.00162,0,NA,0.00098,0,0.00024,0.00015,0,0.00013,NA,NA,0,0.00018,NA,NA,0.01099,NA,0.00017,0,0,0,0.00014,NA,NA,NA,0,0,NA,5e-05,0.00107,8e-05,0.00098,0.00112,0.00232,0.06315,0,9e-05,NA,0.0097,0.00492,0.03346,0.00022,0.00017,0.07838,NA,NA,0.00043,NA,NA,7e-05,0.00763,0.00027,0.00033,0.00013,0.00067,0.00071,NA,0.00149,0.00016,NA,0.04845,0.00072,0.08068,0.17763,NA,0.06565,NA,0.06144,NA,0.00153,0.00031,0,0.00078,0.00074,0.00101,0.00017,0.00016,0.00104,0,0.00035,0.00159,0.1373,0.00131,0.0096,0.00038,0.10211,0.00045,0.00086,8e-05,0.00013,NA,0.00012,NA,NA,NA,NA,NA,0.03986,NA,NA,NA,0.00045,NA,NA,NA,NA,NA,NA,NA,NA,NA,NA,NA,NA,NA,0,NA,0,0.00015,NA,NA,NA
"1148_FT-W4_CP04543",0.00119,0.00254,0.02704,NA,0.00197,0.00594,0.00659,0,0.00163,NA,0.00055,0,0.00024,0,0,7e-05,NA,NA,0,0.00031,NA,NA,0.02367,NA,0.00024,6e-05,8e-05,0,0.00012,NA,NA,NA,0,0.00049,NA,5e-05,0.00317,2e-04,0.00142,0.00123,0.00264,0.11787,0.00275,7e-05,NA,0.01895,0.00523,0.02841,0.00034,0.00016,0.0116,NA,NA,0.00179,NA,NA,7e-05,0.02888,0.00091,6e-04,0.00049,0.00179,0.00316,NA,0.0023,0.00036,NA,0.02757,0.00056,0.13993,0.13877,NA,0.06242,NA,0.03274,NA,0.00014,0.00028,0,0.00125,0.00098,0.0013,0.00021,0.00012,0.00284,0,0.00031,0.00142,0.1223,0.0015,0.01136,4e-04,0.09227,0.00151,0.0011,9e-05,0.00011,NA,0.00019,NA,NA,NA,NA,NA,0.04653,NA,NA,NA,0.0024,NA,NA,NA,NA,NA,NA,NA,NA,NA,NA,NA,NA,NA,0.00017,NA,0.00021,0,NA,NA,NA
"1149_FT-W4_CP04543",0.00577,0.01538,0.0417,NA,0.00018,0.00552,0.00616,0,0.00654,NA,0.00119,0,0.00012,0,0,0.00017,NA,NA,0.00014,0,NA,NA,0.01028,NA,0.00021,7e-05,0,0.00053,2e-05,NA,NA,NA,0,0,NA,0.00033,0.03716,0.00039,0.01166,0.00118,0.00251,0.1133,0.00333,0.00058,NA,0.0288,0.00751,0.04368,0.00197,0.0023,0.01481,NA,NA,0.00415,NA,NA,0.00034,0.05843,0.0032,0.00492,0.0057,0.00936,0.0143,NA,0.00475,0.00664,NA,0.00453,0.00048,0.05779,0.14116,NA,0.01204,NA,0.00549,NA,0.03556,0.00028,0,0.00094,0.00089,0.00083,0.00015,0.00021,0.00069,0,0.00021,0.00109,0.12258,0.00133,0.00808,0.00036,0.09642,0.00251,0.00046,0,0.00018,NA,0.0044,NA,NA,NA,NA,NA,0.01344,NA,NA,NA,0.01041,NA,NA,NA,NA,NA,NA,NA,NA,NA,NA,NA,NA,NA,0,NA,0.00025,0,NA,NA,NA
"1150_FT-W4_CP04543",0.00124,0.00297,0.02982,NA,0.00201,0.00722,0.00808,0,0.00111,NA,0.00068,0,0.00018,0,0,0.00031,NA,NA,0,3e-04,NA,NA,0.03513,NA,0.00025,0,5e-05,9e-05,0,NA,NA,NA,0,1e-04,NA,0,0.00577,0.00018,0.00198,0.00129,0.00292,0.13792,0.00059,9e-05,NA,0.02097,0.00549,0.03065,3e-04,0.00021,0.01131,NA,NA,0.00144,NA,NA,8e-05,0.02349,0.00057,0.00057,6e-04,0.00134,0.0016,NA,0.00167,0.00052,NA,0.0231,0.00046,0.10476,0.10915,NA,0.04647,NA,0.02759,NA,0.00026,0.00034,0,0.00123,0.00105,0.00178,0.00024,0.00013,0.00124,0,0.00033,0,0.153,0.00163,0.01318,0.00043,0.11364,0.00117,0.0012,0.00011,0.00021,NA,0.00092,NA,NA,NA,NA,NA,0.05111,NA,NA,NA,0.00235,NA,NA,NA,NA,NA,NA,NA,NA,NA,NA,NA,NA,NA,0,NA,0,1e-04,NA,NA,NA
"1151_FT-W4_CP04543",0.00111,0.00198,0.01683,NA,0.01376,0.00134,0.00153,0.00331,0,NA,0.00063,0,0.00025,0.00011,0,0.00018,NA,NA,0.00032,0,NA,NA,0.0421,NA,0.00015,0,4e-05,0,0.00037,NA,NA,NA,0,0,NA,3e-05,0.00065,0.00013,0.00097,0.00077,0.00236,0.08202,0,5e-05,NA,0.01251,0.00334,0.01735,0.00039,0.00033,0.03308,NA,NA,0.00143,NA,NA,5e-05,0.00197,0.01137,0.00136,0.00032,0.00174,0.00443,NA,0.00048,0.00017,NA,0.04199,0.00072,0.16865,0.19072,NA,0.0758,NA,0.05237,NA,0.00053,0.00022,0.00098,0.00083,0.00068,0.00097,0.00014,0.00015,0.00279,3e-05,0.00021,0.00122,0.08502,0.00097,0.00692,0.00028,0.06843,0.00147,0.00058,4e-05,7e-05,NA,0.00063,NA,NA,NA,NA,NA,0.02713,NA,NA,NA,0.00412,NA,NA,NA,NA,NA,NA,NA,NA,NA,NA,NA,NA,NA,0,NA,0.00012,0,NA,NA,NA
"1152_FT-W4_CP04543",0.00064,0.00119,0.03014,NA,0.00162,0.00234,0.00263,0.00513,0,NA,0.00058,0,0.00027,0.00023,0,0.00017,NA,NA,0.00021,0,NA,NA,0.01376,NA,0.00019,0,0,0,0.00014,NA,NA,NA,0,0,NA,1e-04,0.00176,0.00015,0.00178,0.00116,0.00217,0.06296,0,5e-05,NA,0.00861,0.00471,0.03135,0.00044,0.00027,0.07075,NA,NA,0.00131,NA,NA,0.00011,0.01315,0.00087,0.00095,0.00027,0.00137,0.00152,NA,0.00373,0.00027,NA,0.05029,0.00064,0.07838,0.16396,NA,0.07263,NA,0.06358,NA,0.00499,0.00031,0,0.00096,0.00073,0.00136,0.00018,0.00019,0.00107,8e-05,0.00033,0,0.13319,0.00125,0.00979,0.00035,0.0988,0.00133,0.00086,7e-05,0.00016,NA,0.00019,NA,NA,NA,NA,NA,0.04253,NA,NA,NA,0.00106,NA,NA,NA,NA,NA,NA,NA,NA,NA,NA,NA,NA,NA,0,NA,0,6e-05,NA,NA,NA
"1153_FT-W4_CP04543",0.00146,0.00536,0.0432,NA,0.00091,0.00311,0.00338,0.0011,0,NA,0.00142,0,9e-05,0,0,1e-04,NA,NA,0.00014,0,NA,NA,0.00577,NA,0.00017,0.00068,4e-05,0.00017,0,NA,NA,NA,0,0,NA,4e-05,0.00538,0.00013,0.00557,8e-04,0.00223,0.09181,0.00194,0.00016,NA,0.02906,0.00718,0.04447,0.00087,0.00093,0.03177,NA,NA,0.0015,NA,NA,0.00013,0.04139,0.00116,0.00211,0.00121,0.00323,0.00474,NA,0.00174,0.00105,NA,0.01364,0.00125,0.11591,0.31764,NA,0.03781,NA,0.01593,NA,0.00135,0.00015,0,0.00071,0.00137,0.00045,1e-04,0.00012,0.00039,4e-05,0.00019,0.00098,0.05517,0.00101,0.00637,0.00028,0.04546,0.00101,0.00064,3e-05,0.00013,NA,0.00082,NA,NA,NA,NA,NA,0.02453,NA,NA,NA,0.00256,NA,NA,NA,NA,NA,NA,NA,NA,NA,NA,NA,NA,NA,0.00022,NA,0.0034,0,NA,NA,NA
"1154_FT-W4_CP04543",0.00286,0.00813,0.02336,NA,0.00177,0.00382,0.00428,0,0.00297,NA,0.00049,0,0.00015,0,0,8e-05,NA,NA,0.00021,0,NA,NA,0.0187,NA,0.00017,1e-04,0,0.00011,0.00646,NA,NA,NA,0,0.00048,NA,0.00025,0.00308,0.00033,0.00424,0.00106,0.00192,0.06231,0.00087,0.00023,NA,0.00715,0.00375,0.0239,0.0021,0.0026,0.03785,NA,NA,0.00592,NA,NA,3e-04,0.04088,0.05116,0.00465,0.00244,0.00438,0.02705,NA,0.00886,0.00104,NA,0.05707,0.00015,0.12387,0.05011,NA,0.08341,NA,0.0725,NA,0.00546,0.00022,0,0.00083,0.00072,0.00098,0.00015,0.00129,0.00081,0.00146,0.00033,0.00099,0.0952,0.00116,0.00863,0.00031,0.07304,0.00383,0.00093,5e-05,0.00014,NA,0.00209,NA,NA,NA,NA,NA,0.03275,NA,NA,NA,0.00391,NA,NA,NA,NA,NA,NA,NA,NA,NA,NA,NA,NA,NA,0,NA,0,0.00261,NA,NA,NA
"1155_FT-W4_CP04543",0.00181,0.0037,0.03225,NA,0.00227,0.00533,0.00569,0,0.00161,NA,0.00097,0,0.00028,0,0,0.00019,NA,NA,0.00019,0,NA,NA,0.02548,NA,0.00025,0,5e-05,7e-05,0.00047,NA,NA,NA,0,0,NA,0.00015,0.00378,0.00036,0.00268,0.00128,0.00294,0.12078,0.00247,0.00013,NA,0.01011,0.00521,0.03351,0.00124,0.00112,0.04923,NA,NA,0.00303,NA,NA,0.00018,0.03195,0.00169,0.00226,0.00103,0.00334,0.005,NA,0.00411,0.0013,NA,0.04056,4e-04,0.10333,0.09873,NA,0.06616,NA,0.04945,NA,0.003,0.00029,0,0.0012,0.00195,0.00115,0.00019,0.00029,0.00257,0,0.00043,0.00163,0.12054,0.0015,0.01109,0.00044,0.09016,0.00222,0.00072,5e-05,0.00021,NA,0.00219,NA,NA,NA,NA,NA,0.0252,NA,NA,NA,0.002,NA,NA,NA,NA,NA,NA,NA,NA,NA,NA,NA,NA,NA,0,NA,0,0.00024,NA,NA,NA
